-123.23,48.42,18.9,CAE01012475,DISCOVERY ISLAND
-123.44,48.43,3.0,CAE01012710,ESQUIMALT HARBOUR
-123.53,48.57,365.8,CAE01014820,MALAHAT
-123.72,48.82,44.8,CAE01015630,NORTH COWICHAN
-123.53,48.3,7.4,CAE01016640,RACE ROCKS
-123.42,48.62,61.0,CAE01016943,SAANICHTON CFIA
-123.13,48.78,178.0,CAE01017099,SATURNA CAPMON CS
-123.04,48.78,24.4,CAE01017101,SATURNA ISLAND CS
-123.92,48.38,6.9,CAE01017254,SHERINGHAM POINT
-123.3,48.46,60.1,CAE01018598,VICTORIA UNIVERSITY CS
-123.32,48.41,61.0,CAE01018611,VICTORIA GONZALES CS
-123.43,48.65,19.5,CAE01018621,VICTORIA INTL A
-123.39,48.42,0.0,CAE01018633,VICTORIA HARBOUR A
-124.16,49.35,14.5,CAE01020590,BALLENAS ISLAND
-125.27,49.95,108.8,CAE01021270,CAMPBELL RIVER A
-124.9,49.72,25.6,CAE01021830,COMOX A
-123.81,49.21,7.6,CAE01022689,ENTRANCE ISLAND
-125.99,50.45,5.2,CAE01022795,FANNY ISLAND
-123.87,49.05,28.0,CAE01025365,NANAIMO A
-127.37,50.68,21.6,CAE01026271,PORT HARDY A
-127.38,50.68,21.6,CAE01026273,PORT HARDY AIRPORT
-124.39,49.34,58.2,CAE01026562,QUALICUM BEACH AIRPORT
-124.43,49.49,20.0,CAE01027403,SISTERS ISLAND
-126.54,49.38,5.8,CAE01032731,ESTEVAN POINT CS
-124.93,49.32,76.2,CAE01036B06,PORT ALBERNI (AUT)
-128.91,50.82,103.5,CAE01037090,SARTINE ISLAND (AUT)
-127.94,50.11,94.2,CAE01037553,SOLANDER ISLAND (AUT)
-125.77,49.08,24.4,CAE01038210,TOFINO A
-123.3,49.49,7.1,CAE010459NN,HOWE SOUND - PAM ROCKS
-123.5,49.53,125.1,CAE01046332,PORT MELLON
-124.5,49.83,125.0,CAE01046392,POWELL RIVER
-124.5,49.83,129.5,CAE01046396,POWELL RIVER A
-123.72,49.46,86.2,CAE01047172,SECHELT AUT
-123.16,49.78,53.7,CAE010476F0,SQUAMISH AIRPORT
-131.02,51.94,87.8,CAE01051351,CAPE ST JAMES
-132.77,53.32,14.7,CAE01054222,KINDAKUN ROCKS (AUT)
-132.13,54.03,5.8,CAE01054929,MASSET A
-131.66,54.16,6.6,CAE01056869,ROSE SPIT (AUT)
-131.81,53.25,6.5,CAE01057051,SANDSPIT AIRPORT AUTO
-131.81,53.25,6.4,CAE01057052,SANDSPIT
-128.16,52.19,43.0,CAE01060815,BELLA BELLA
-126.59,52.39,36.9,CAE01060844,BELLA COOLA AIRPORT
-126.6,52.39,35.7,CAE01060848,BELLA COOLA A
-130.64,53.49,12.5,CAE01060R0K,BONILLA ISLAND (AUT)
-127.47,52.19,26.4,CAE01061458,CATHEDRAL POINT (AUT)
-131.6,53.03,12.6,CAE01062251,CUMSHEWA ISLAND
-130.7,54.58,9.5,CAE01063303,GREY ISLET (AUT)
-127.63,50.94,13.5,CAE01063461,HERBERT ISLAND (AUT)
-130.36,54.17,5.5,CAE01063496,HOLLAND ROCK
-128.63,54.05,98.0,CAE01064324,KITIMAT FOREST AVE
-130.61,54.3,2.0,CAE01064728,LUCY ISLAND LIGHTSTATION
-130.44,54.29,35.4,CAE01066482,PRINCE RUPERT
-129.98,55.93,7.3,CAE01067748,STEWART A
-128.58,54.47,217.3,CAE01068134,TERRACE A
-127.18,54.83,523.0,CAE01077499,SMITHERS
-127.19,54.82,517.6,CAE01077501,SMITHERS AIRPORT AUTO
-126.0,53.77,861.0,CAE01085836,OOTSA LAKESKINS LAKE CLIMATE
-122.74,50.3,203.0,CAE01086081,PEMBERTON AIRPORT (WIND)
-122.73,50.31,204.3,CAE01086082,PEMBERTON AIRPORT CS
-124.14,52.11,909.8,CAE01086558,PUNTZI MOUNTAIN (AUT)
-124.4,51.67,875.0,CAE01088015,TATLAYOKO LAKE RCS
-125.96,54.38,713.2,CAE01091174,BURNS LAKE DECKER LAKE
-124.29,54.46,712.0,CAE01092977,FORT ST JAMES GOLF CLUB
-122.68,53.88,691.0,CAE01096439,PRINCE GEORGE
-122.67,53.89,680.0,CAE01096453,PRINCE GEORGE AIRPORT AUTO
-122.79,53.9,601.0,CAE01096454,PRINCE GEORGE MASSEY AUTO
-122.51,53.03,545.0,CAE01096629,QUESNEL
-122.51,53.03,545.3,CAE01096631,QUESNEL AIRPORT AUTO
-122.05,52.18,939.7,CAE01098941,WILLIAMS LAKE A
-122.36,49.03,59.1,CAE01100031,ABBOTSFORD A
-122.36,49.03,59.1,CAE01100032,ABBOTSFORD A
-121.76,49.24,19.3,CAE01100119,AGASSIZ RCS
-122.95,50.13,659.0,CAE01100875,WHISTLER - NESTERS
-123.01,49.07,1.8,CAE01100909,VANCOUVER BOUNDARY BAY
-123.11,50.14,884.0,CAE01101300,CALLAGHAN VALLEY
-121.98,49.08,45.7,CAE01102221,CULTUS LAKE
-123.0,49.13,3.1,CAE01102415,DELTA BURNS BOG
-122.63,49.1,10.4,CAE01104570,LANGLEY REGIONAL
-122.69,49.21,5.0,CAE01106178,PITT MEADOWS CS
-122.71,49.22,3.7,CAE0110617P,PITT MEADOWS
-123.26,49.33,14.0,CAE01106200,POINT ATKINSON
-123.3,49.11,11.0,CAE01107010,SANDHEADS CS
-123.19,49.18,2.1,CAE01108380,VANCOUVER SEA ISLAND CCG
-123.18,49.19,4.3,CAE01108395,VANCOUVER INTL A
-123.12,49.3,2.5,CAE01108446,VANCOUVER HARBOUR CS
-123.19,49.35,170.2,CAE01108824,WEST VANCOUVER AUT
-122.78,49.02,13.0,CAE01108910,WHITE ROCK CAMPBELL SCIENTIFIC
-123.11,49.29,0.0,CAE0110Q44V,VANCOUVER HARBOUR
-121.5,49.37,39.0,CAE01113542,HOPE A
-121.49,49.37,39.0,CAE01113543,HOPE AIRPORT
-121.93,50.68,239.5,CAE01114619,LILLOOET
-121.58,50.22,224.9,CAE01114738,LYTTON A
-121.58,50.22,225.0,CAE01114746,LYTTON RCS
-119.38,49.96,433.1,CAE01123939,KELOWNA
-119.4,49.94,456.0,CAE01123996,KELOWNA UBCO
-120.78,50.11,591.0,CAE01125073,MERRITT
-119.44,49.03,282.9,CAE01125852,OSOYOOS CS
-119.6,49.46,344.4,CAE01126146,PENTICTON A
-120.51,49.47,701.6,CAE01126518,PRINCETON A
-119.19,50.22,482.0,CAE01128582,VERNON AUTO
-120.51,49.47,696.5,CAE0112FN0M,PRINCETON CS
-119.65,49.56,454.2,CAE0112G8L1,SUMMERLAND CS
-117.63,49.3,495.6,CAE01141460,CASTLEGAR A
-117.82,50.27,512.1,CAE01145297,NAKUSP CS
-117.31,49.49,534.9,CAE01145M29,NELSON CS
-117.74,49.11,566.9,CAE01148705,WARFIELD RCS
-116.5,49.08,640.7,CAE0114B1F0,CRESTON CAMPBELL SCIENTIFIC
-115.78,49.61,940.0,CAE01152105,CRANBROOK A
-115.79,49.62,926.7,CAE01152106,CRANBROOK AIRPORT AUTO
-114.88,49.75,1136.7,CAE01157631,SPARWOOD CS
-114.88,49.83,1158.2,CAE01157635,SPARWOOD A
-121.28,50.71,327.0,CAE01160515,ASHCROFT
-119.29,52.12,690.4,CAE01160902,BLUE RIVER A
-119.29,52.13,682.8,CAE01160H99,BLUE RIVER CS
-120.08,51.65,438.0,CAE01161650,CLEARWATER AUTO
-121.68,51.27,1126.2,CAE01161662,CLINTON A
-121.5,51.14,1059.0,CAE01161663,CLINTON RCS
-120.45,50.7,345.3,CAE01163781,KAMLOOPS A
-120.44,50.7,345.0,CAE01163842,KAMLOOPS AUT
-119.29,50.7,350.5,CAE0116FRMN,SALMON ARM CS
-116.98,51.3,784.9,CAE01173214,GOLDEN A
-116.98,51.3,785.0,CAE01173220,GOLDEN AIRPORT
-118.18,50.97,444.7,CAE01176745,REVELSTOKE A
-118.18,50.96,444.7,CAE01176755,REVELSTOKE AIRPORT AUTO
-116.34,51.44,1602.0,CAE011790J1,YOHO PARK
-121.63,55.69,609.3,CAE01181513,CHETWYND A
-120.18,55.74,654.7,CAE01182289,DAWSON CREEK A
-120.74,56.24,694.9,CAE01183001,FORT ST. JOHN A
-120.75,56.25,695.0,CAE01183002,FORT ST JOHN AIRPORT
-123.13,55.3,690.1,CAE01184791,MACKENZIE
-123.14,55.31,694.0,CAE01184793,MACKENZIE AIRPORT AUTO
-130.03,58.42,802.8,CAE01192341,DEASE LAKE A
-122.6,58.84,381.9,CAE01192946,FORT NELSON A
-122.57,58.84,380.2,CAE01192948,FORT NELSON
-130.03,58.43,800.7,CAE0119BLM0,DEASE LAKE (AUT)
-140.87,62.41,649.5,CAE02100155,BEAVER CREEK A
-139.04,61.37,805.3,CAE02100181,BURWASH A
-139.02,61.37,807.0,CAE02100184,BURWASH AIRPORT AUTO
-136.19,62.12,542.9,CAE02100301,CARMACKS CS
-139.13,64.04,370.3,CAE02100407,DAWSON CITY A
-133.38,62.21,716.6,CAE02100518,FARO (AUT)
-133.37,62.21,716.3,CAE02100527,FARO A
-137.58,60.77,595.3,CAE02100630,HAINES JUNCTION
-138.91,69.57,1.2,CAE02100636,HERSCHEL ISLAND
-140.15,69.16,243.8,CAE02100660,IVVAVIK NAT. PARK
-130.04,63.24,1379.0,CAE02100693,MACMILLAN PASS
-140.85,68.8,568.0,CAE02100697,MARGARET LAKE
-135.87,63.62,503.8,CAE02100701,MAYO A
-135.87,63.62,503.8,CAE02100702,MAYO A
-139.84,67.57,251.2,CAE02100805,OLD CROW RCS
-139.84,67.57,250.2,CAE02100807,OLD CROW A
-137.37,62.82,454.2,CAE02100881,PELLY RANCH FORT SELKIRK
-136.22,66.98,731.0,CAE02100935,ROCK RIVER
-139.13,64.06,370.0,CAE02100LRP,DAWSON
-132.73,60.17,705.0,CAE02101102,TESLIN (AUT)
-132.74,60.17,705.0,CAE02101106,TESLIN A
-128.82,60.12,687.3,CAE02101201,WATSON LAKE A
-128.82,60.12,687.3,CAE02101202,WATSON LAKE A
-128.83,60.12,683.3,CAE02101204,WATSON LAKE (AUT)
-135.07,60.71,706.2,CAE02101303,WHITEHORSE A
-135.1,60.73,707.0,CAE02101310,WHITEHORSE AUTO
-135.01,68.22,6.4,CAE02200105,AKLAVIK A
-126.12,67.02,271.0,CAE02200824,COLVILLE LAKE
-126.13,67.02,274.0,CAE02200827,COLVILLE LAKE A
-123.43,65.21,212.8,CAE02201022,DELINE CS
-123.44,65.21,214.3,CAE02201023,DELINE A
-124.47,61.26,283.0,CAE022010H0,DEADMEN VALLEY
-128.65,66.24,81.4,CAE02201406,FORT GOOD HOPE A
-128.64,66.24,81.7,CAE02201450,FORT GOOD HOPE CS
-123.47,60.23,213.4,CAE02201579,FORT LIARD
-123.47,60.24,215.8,CAE02201581,FORT LIARD A
-134.86,67.41,35.4,CAE02201606,FORT MCPHERSON A
-125.57,64.91,100.3,CAE02201705,TULITA A
-117.6,61.32,159.8,CAE02201799,FORT PROVIDENCE
-109.17,62.71,167.6,CAE02201903,FORT RELIANCE (AUT)
-113.69,61.18,160.6,CAE02202010,FORT RESOLUTION A
-121.24,61.76,168.0,CAE02202102,FORT SIMPSON CLIMATE
-121.24,61.76,169.5,CAE02202103,FORT SIMPSON A
-121.24,61.76,169.5,CAE02202104,FORT SIMPSON A
-111.96,60.02,205.1,CAE02202201,FORT SMITH A
-111.93,60.03,203.0,CAE02202202,FORT SMITH CLIMATE
-111.96,60.02,205.1,CAE02202203,FORT SMITH A
-105.13,63.6,317.4,CAE02202351,HANBURY RIVER
-115.78,60.84,164.9,CAE02202401,HAY RIVER A
-115.78,60.84,164.0,CAE02202402,HAY RIVER CLIMATE
-115.78,60.84,164.9,CAE02202403,HAY RIVER A
-113.73,61.92,165.2,CAE02202560,INNER WHALEBACKS
-133.48,68.3,67.7,CAE02202571,INUVIK A
-133.52,68.32,103.0,CAE02202578,INUVIK CLIMATE
-117.24,63.13,271.3,CAE02202678,WHATI
-110.68,62.42,178.6,CAE02202690,LUTSELK'E A
-126.8,65.28,72.5,CAE02202801,NORMAN WELLS A
-126.75,65.29,93.6,CAE02202810,NORMAN WELLS CLIMATE
-124.08,69.36,4.6,CAE02203055,PAULATUK A
-124.08,69.36,6.3,CAE02203058,PAULATUK
-127.21,61.96,618.0,CAE02203342,RABBIT KETTLE
-117.33,64.11,221.0,CAE02203359,GAMETI
-117.31,64.12,220.7,CAE02203365,GAMETI A
-133.03,69.43,4.3,CAE02203911,TUKTOYAKTUK A
-133.02,69.43,4.6,CAE02203914,TUKTOYAKTUK
-122.36,69.2,551.6,CAE02203918,TUKTUT NOGAIT
-114.08,64.19,368.2,CAE02203980,WEKWEETI A
-123.44,63.21,149.7,CAE02204005,WRIGLEY A
-114.44,62.46,205.7,CAE02204101,YELLOWKNIFE A
-114.45,62.47,205.0,CAE02204108,YELLOWKNIFE AIRPORT
-123.74,61.24,204.0,CAE02204300,YOHIN
-130.23,67.18,62.5,CAE0220B6Q3,LITTLE CHICAGO
-121.24,60.44,498.0,CAE0220CQHR,SAMBAA K'E
-122.85,61.13,183.0,CAE0220N003,LINDBERG LANDING
-133.5,68.75,85.0,CAE0220N005,TRAIL VALLEY
-94.07,61.09,10.4,CAE02300427,ARVIAT A
-96.0,64.32,50.8,CAE02300501,BAKER LAKE CLIMATE
-96.08,64.3,18.6,CAE02300503,BAKER LAKE A
-96.08,64.3,18.6,CAE02300504,BAKER LAKE A
-108.01,66.84,5.0,CAE02300551,BATHURST INLET
-90.73,63.34,12.4,CAE02300708,CHESTERFIELD INLET AIRPORT
-90.73,63.35,9.8,CAE02300710,CHESTERFIELD INLET A
-115.14,67.82,22.6,CAE02300903,KUGLUKTUK A
-115.14,67.82,22.6,CAE02300904,KUGLUKTUK CLIMATE
-115.14,67.82,22.6,CAE02300905,KUGLUKTUK A
-83.36,64.19,62.2,CAE02301002,CORAL HARBOUR A
-83.36,64.19,62.2,CAE02301004,CORAL HARBOUR A
-83.35,64.18,57.0,CAE02301010,CORAL HARBOUR RCS
-100.88,61.13,353.1,CAE02301102,ENNADAI LAKE (AUT)
-94.07,61.1,9.8,CAE02301153,ARVIAT CLIMATE
-95.85,68.64,46.9,CAE02302337,GJOA HAVEN A
-95.85,68.64,42.3,CAE02302340,GJOA HAVEN CLIMATE
-89.8,68.54,15.8,CAE02303094,KUGAARUK CLIMATE
-89.81,68.54,15.5,CAE02303095,KUGAARUK A
-92.11,62.81,32.3,CAE02303405,RANKIN INLET A
-102.43,65.1,243.7,CAE02303610,ROBERTSON LAKE (AUT)
-79.25,56.54,33.5,CAE02303660,SANIKILUAQ A
-79.26,56.54,34.0,CAE02303668,SANIKILUAQ
-92.6,62.24,12.2,CAE02303990,WHALE COVE A
-111.25,65.76,488.0,CAE0230N002,LUPIN CS
-62.33,82.5,65.4,CAE02400305,ALERT CLIMATE
-85.05,73.01,21.9,CAE02400399,ARCTIC BAY
-85.01,72.99,10.0,CAE02400404,ARCTIC BAY CS
-64.03,67.55,6.4,CAE02400573,QIKIQTARJUAQ CLIMATE
-64.03,67.55,5.5,CAE02400577,QIKIQTARJUAQ A
-105.14,69.11,31.1,CAE02400601,CAMBRIDGE BAY A
-105.14,69.11,18.7,CAE02400602,CAMBRIDGE BAY GSN
-105.14,69.11,31.1,CAE02400603,CAMBRIDGE BAY A
-76.53,64.23,50.0,CAE02400636,KINNGAIT
-76.53,64.23,48.2,CAE02400637,KINNGAIT AIRPORT
-78.29,73.67,2.0,CAE02400675,CAPE LIVERPOOL
-68.52,70.48,26.5,CAE02400802,CLYDE RIVER CLIMATE
-68.52,70.49,26.5,CAE02400804,CLYDE RIVER A
-85.93,79.99,10.0,CAE02401199,EUREKA CLIMATE
-85.81,79.99,82.9,CAE02401208,EUREKA A
-94.2,72.02,10.0,CAE02402051,FORT ROSS
-82.9,76.42,44.5,CAE02402351,GRISE FIORD CLIMATE
-81.24,68.78,8.2,CAE02402353,SANIRAJAK
-81.24,68.78,9.1,CAE02402354,SANIRAJAK AIRPORT
-82.91,76.43,41.1,CAE02402360,GRISE FIORD A
-81.82,69.36,52.7,CAE02402546,IGLOOLIK A
-68.54,63.75,33.5,CAE02402592,IQALUIT CLIMATE
-68.56,63.76,33.5,CAE02402596,IQALUIT A
-69.88,62.85,51.5,CAE02402673,KIMMIRUT A
-65.71,66.14,22.6,CAE02403049,PANGNIRTUNG
-65.71,66.15,24.0,CAE02403054,PANGNIRTUNG A
-77.96,72.69,64.7,CAE02403204,POND INLET CLIMATE
-77.97,72.69,61.6,CAE02403206,POND INLET A
-105.72,75.38,15.0,CAE02403450,REA POINT
-86.22,66.52,22.9,CAE02403495,NAUJAAT A
-94.97,74.72,67.7,CAE02403497,RESOLUTE BAY A
-94.97,74.72,67.7,CAE02403498,RESOLUTE BAY A
-94.98,74.72,30.0,CAE02403505,RESOLUTE CS
-105.3,73.77,11.0,CAE02403756,STEFANSSON ISLAND
-91.82,81.16,72.0,CAE02403833,SVARTEVAEG
-93.58,69.55,27.4,CAE02403856,TALOYOAK A
-89.45,65.88,18.0,CAE02403945,WAGER BAY (AUT)
-119.99,74.14,32.0,CAE02500440,NANGMAGVIK LAKE
-117.81,70.76,36.0,CAE02502503,ULUKHAKTOK A
-117.8,70.76,29.8,CAE02502505,ULUKHAKTOK
-125.25,71.99,87.5,CAE02503648,SACHS HARBOUR CLIMATE
-125.24,71.99,86.3,CAE02503649,SACHS HARBOUR A
-119.54,73.23,41.5,CAE02503886,THOMSEN RIVER
-112.82,53.05,739.0,CAE03011240,CAMROSE
-111.45,52.07,791.0,CAE03011887,CORONATION CLIMATE
-113.61,53.31,715.0,CAE03012206,EDMONTON INTERNATIONAL CS
-113.52,53.57,671.0,CAE03012209,EDMONTON BLATCHFORD
-113.58,53.31,723.3,CAE03012216,EDMONTON INTL A
-113.86,53.67,687.6,CAE03012229,EDMONTON VILLENEUVE A
-112.87,53.68,716.2,CAE03012275,ELK ISLAND NAT PARK
-110.07,53.31,668.7,CAE03013959,LLOYDMINSTER
-111.73,53.42,687.0,CAE03015401,RANFURLY AUTO
-114.91,52.42,988.2,CAE03015523,ROCKY MTN HOUSE (AUT)
-112.1,53.51,639.3,CAE03016GF0,VEGREVILLE
-114.11,53.55,766.3,CAE0301A001,EDMONTON STONY PLAIN CS
-110.21,51.67,707.0,CAE0301B460,ESTHER 1
-111.1,52.83,686.3,CAE0301S001,WAINWRIGHT CFB AIRFIELD 21
-112.68,51.45,678.2,CAE030221LG,DRUMHELLER EAST
-113.76,52.45,860.0,CAE03023722,LACOMBE CDA 2
-113.89,52.18,904.6,CAE03025484,RED DEER REGIONAL A
-114.68,51.78,1114.4,CAE03026KNQ,SUNDRE A
-111.45,49.73,816.6,CAE03030768,BOW ISLAND
-111.85,50.56,747.0,CAE03030QLP,BROOKS
-114.01,51.12,1099.1,CAE03031092,CALGARY INTL A
-114.0,51.11,1081.9,CAE03031094,CALGARY INT'L CS
-114.37,51.11,1200.9,CAE03031109,CALGARY SPRINGBANK A
-113.29,49.2,1136.0,CAE03031322,CARDSTON
-113.38,49.0,1354.0,CAE03031402,CARWAY
-113.64,50.0,1009.0,CAE03031640,CLARESHOLM
-114.22,51.08,1235.0,CAE03031875,COP UPPER
-112.8,49.63,929.0,CAE03033875,LETHBRIDGE
-112.77,49.7,910.0,CAE03033890,LETHBRIDGE CDA
-110.72,50.02,716.9,CAE03034479,MEDICINE HAT
-110.72,50.03,715.0,CAE03034485,MEDICINE HAT RCS
-114.0,49.52,1189.6,CAE03035198,PINCHER CREEK
-114.0,49.52,1190.0,CAE03035208,PINCHER CREEK CLIMATE
-113.88,50.18,1363.6,CAE03036099,STAVELY AAFC
-112.05,49.13,1050.0,CAE03044533,MILK RIVER
-110.47,49.12,935.0,CAE03044923,ONEFOUR CDA
-115.55,51.19,1396.9,CAE03050519,BANFF CS
-114.18,49.47,1257.0,CAE03050602,BEAVER MINES
-115.07,51.08,1297.5,CAE03050778,BOW VALLEY
-114.48,49.63,1303.0,CAE03051R4R,CROWSNEST
-118.03,52.93,1020.0,CAE03053536,JASPER WARDEN
-116.04,52.49,1332.0,CAE03054843,NORDEGG CS
-114.42,50.37,1415.0,CAE03055119,PEKISKO
-113.81,49.13,1289.0,CAE03056214,WATERTON PARK GATE
-115.79,54.14,782.4,CAE03057376,WHITECOURT A
-115.19,50.94,2543.0,CAE0305MGFF,NAKISKA RIDGETOP
-114.45,54.09,648.0,CAE03060535,BARRHEAD CS
-114.68,54.13,647.0,CAE03061201,CAMPSIE AUTO
-116.47,53.58,926.9,CAE03062239,EDSON
-116.45,53.58,927.0,CAE03062246,EDSON CLIMATE
-111.21,56.65,368.8,CAE03062696,FORT MCMURRAY CS
-111.22,56.65,369.1,CAE03062697,FORT MCMURRAY A
-118.45,53.8,1448.0,CAE03063135,HENDRICKSON CREEK
-113.54,54.82,618.7,CAE03063600,ISLAND LAKE SOUTH
-112.02,54.77,567.0,CAE03063686,LAC LA BICHE CLIMATE
-111.56,57.04,310.0,CAE03064528,MILDRED LAKE
-114.78,55.29,582.8,CAE03065995,SLAVE LAKE
-114.78,55.29,582.8,CAE03065997,SLAVE LAKE RCS
-118.35,53.39,1370.0,CAE0306GE70,WILLOW CREEK 1
-119.4,55.2,745.0,CAE03070600,BEAVERLODGE RCS
-110.44,58.98,214.9,CAE03072246,EGG ISLAND
-111.12,58.77,238.0,CAE03072655,FORT CHIPEWYAN
-111.12,58.77,238.0,CAE03072659,FORT CHIPEWYAN RCS
-116.04,58.38,289.0,CAE03072723,FORT VERMILION
-118.88,55.18,669.0,CAE03072921,GRANDE PRAIRIE A
-117.16,58.62,338.0,CAE03073140,HIGH LEVEL A
-117.16,58.63,339.0,CAE03073148,HIGH LEVEL
-117.45,56.23,570.9,CAE03075041,PEACE RIVER A
-117.45,56.19,559.5,CAE03075043,ROMA
-115.28,56.55,546.0,CAE03075488,RED EARTH
-113.87,58.71,240.8,CAE0307KPFP,GARDEN RIVER
-110.28,54.42,541.0,CAE03081680,COLD LAKE A
-104.71,50.2,580.0,CAE04010811,BRATT'S LAKE CLIMATE
-102.57,50.37,599.8,CAE04010879,BROADVIEW
-102.97,49.21,580.3,CAE04012403,ESTEVAN A
-102.97,49.22,580.6,CAE04012410,ESTEVAN
-103.65,50.55,579.1,CAE04013480,INDIAN HEAD CDA
-105.25,51.42,497.0,CAE04014156,LAST MOUNTAIN CS
-105.54,50.33,577.0,CAE04015322,MOOSE JAW CS
-104.67,50.43,577.6,CAE04016566,REGINA INTL A
-104.67,50.43,577.3,CAE04016699,REGINA RCS
-105.4,51.67,525.6,CAE04018642,WATROUS EAST
-104.18,49.82,578.0,CAE04019041,YELLOW GRASS NORTH
-102.46,51.26,498.4,CAE04019073,YORKTON
-102.46,51.26,498.3,CAE04019075,YORKTON
-104.2,51.77,560.1,CAE040190LN,WYNYARD (AUT)
-103.8,49.7,588.6,CAE0401HP5R,WEYBURN
-105.95,49.73,725.5,CAE04020286,ASSINIBOIA AIRPORT
-106.58,51.13,595.0,CAE04022359,ELBOW CS
-107.15,50.95,664.7,CAE04024714,LUCKY LAKE
-109.47,49.9,766.7,CAE04024919,MAPLE CREEK
-107.69,50.29,816.9,CAE04028038,SWIFT CURRENT
-107.73,50.27,825.0,CAE04028060,SWIFT CURRENT CDA
-109.5,50.91,675.5,CAE0402DAF0,LEADER AIRPORT
-105.48,49.05,756.0,CAE040318MN,CORONACH SPC
-109.51,49.64,1270.6,CAE04031999,CYPRESS HILLS PARK
-108.99,49.44,1079.6,CAE04032322,EASTEND CYPRESS (AUT)
-107.02,49.1,830.0,CAE04034910,MANKOTA
-105.98,49.17,917.0,CAE04036844,ROCKGLEN (AUT)
-107.59,49.06,796.0,CAE04038412,VAL MARIE SOUTHEAST
-109.18,51.52,693.7,CAE04043899,KINDERSLEY A
-109.18,51.52,693.7,CAE04043901,KINDERSLEY A
-109.18,51.52,691.1,CAE04043902,KINDERSLEY AIRPORT
-108.26,52.77,548.0,CAE04045607,NORTH BATTLEFORD RCS
-108.24,52.77,548.3,CAE04045695,NORTH BATTLEFORD
-107.92,51.57,586.0,CAE04046884,ROSETOWN EAST
-108.83,52.36,659.6,CAE04047240,SCOTT CDA
-109.41,53.13,640.0,CAE04048521,WASECA RCS
-104.6,52.82,490.0,CAE04055079,MELFORT
-107.05,51.48,541.0,CAE04055736,OUTLOOK PFRA
-105.15,52.42,552.0,CAE04056121,PILGER
-105.67,53.21,428.2,CAE04056241,PRINCE ALBERT GLASS FIELD A
-105.68,53.21,425.5,CAE04056243,PRINCE ALBERT GLASS FIELD
-106.7,52.17,504.1,CAE04057152,SASKATOON INTL A
-106.72,52.17,504.1,CAE04057165,SASKATOON RCS
-108.42,55.84,440.1,CAE04060983,BUFFALO NARROWS (AUT)
-108.42,55.84,433.7,CAE04060988,BUFFALO NARROWS A
-103.68,58.23,412.6,CAE04061620,COLLINS BAY SK
-102.35,55.53,297.4,CAE04063605,ISLAND FALLS (AUT)
-105.6,57.25,513.9,CAE04063753,KEY LAKE
-105.62,57.26,513.9,CAE04063757,KEY LAKE
-105.27,55.15,378.6,CAE04064149,LA RONGE RCS
-105.27,55.15,379.2,CAE04064155,LA RONGE A
-109.14,54.02,545.6,CAE04064620,LOON LAKE RCS
-108.52,54.13,480.7,CAE04065063,MEADOW LAKE A
-103.28,56.33,344.1,CAE04067655,SOUTHEND
-107.55,53.37,584.3,CAE04067723,SPIRITWOOD WEST
-105.84,59.25,244.2,CAE04067799,STONY RAPIDS
-106.07,53.92,569.4,CAE04068559,WASKESIU LAKE
-108.52,54.13,481.0,CAE0406N0NM,MEADOW LAKE
-108.48,59.57,318.2,CAE0406QLD0,URANIUM CITY (AUT)
-104.01,53.33,371.9,CAE04075525,NIPAWIN
-104.0,53.33,371.9,CAE0407N51G,NIPAWIN
-102.32,52.82,358.1,CAE04083324,HUDSON BAY(AUT)
-99.95,49.9,409.4,CAE05010490,BRANDON RCS
-99.36,49.91,383.5,CAE05010547,CARBERRY CS
-99.07,49.56,374.0,CAE05010641,CYPRESS RIVER RCS
-98.28,49.9,272.7,CAE05012324,PORTAGE SOUTHPORT
-101.36,51.18,539.5,CAE05012469,ROBLIN
-100.6,50.45,561.3,CAE05012654,SHOAL LAKE CS
-99.94,50.66,627.4,CAE05013117,WASAGAMING
-100.99,49.28,445.9,CAE0501A7AR,MELITA
-98.32,49.4,341.4,CAE05020725,DEERWOOD RCS
-97.24,49.0,242.0,CAE05020881,EMERSON AUTO
-97.56,49.03,252.6,CAE05021220,GRETNA (AUT)
-96.9,49.52,246.5,CAE05021500,KLEEFELD (MAFRI)
-98.08,49.19,297.5,CAE05021849,MORDEN CDA CS
-98.9,49.19,470.3,CAE05022125,PILOT MOUND (AUT)
-97.03,50.06,231.3,CAE050225DS,WINNIPEG ST ANDREWS
-100.01,54.88,305.0,CAE05022710,SNOW LAKE
-95.6,49.02,328.8,CAE05022759,SPRAGUE
-97.24,49.91,238.7,CAE05023227,WINNIPEG INTL A
-97.13,49.89,230.0,CAE05023262,WINNIPEG THE FORKS
-98.03,49.5,268.2,CAE0502I001,CARMAN U OF M CS
-97.25,49.92,238.7,CAE0502S001,WINNIPEG A CS
-97.02,52.36,221.9,CAE05030203,BERENS RIVER CS
-97.02,52.36,222.2,CAE05030204,BERENS RIVER A
-97.62,52.82,222.5,CAE05030984,GEORGE ISLAND (AUT)
-97.55,51.08,253.0,CAE050309J6,FISHER BRANCH (AUT)
-96.98,50.63,217.0,CAE05031041,GIMLI HARBOUR CS
-97.05,50.63,230.1,CAE05031042,GIMLI CLIMATE
-95.98,50.52,253.0,CAE05031201,GREAT FALLS CLIMATE
-99.27,53.19,222.5,CAE05031A10,GRAND RAPIDS (AUT)
-96.57,50.7,220.1,CAE05032951,VICTORIA BEACH (AUT)
-96.06,50.18,268.0,CAE0503B1ER,PINAWA
-100.06,51.1,304.5,CAE05040681,DAUPHIN CS
-100.05,51.1,304.5,CAE05040689,DAUPHIN
-99.53,50.71,351.0,CAE05043158,MCCREARY
-98.04,50.5,249.6,CAE0504K0NM,OAKPOINT MARINE
-101.23,52.11,334.8,CAE0504K80K,SWAN RIVER RCS
-101.68,54.68,303.9,CAE05050919,FLIN FLON
-101.68,54.68,304.2,CAE05050973,FLIN FLON A
-101.09,53.97,270.6,CAE05052882,THE PAS A
-101.1,53.97,274.0,CAE05052890,THE PAS CLIMATE
-94.07,58.74,29.3,CAE05060595,CHURCHILL A
-94.07,58.74,29.3,CAE05060605,CHURCHILL A
-94.07,58.73,28.5,CAE05060608,CHURCHILL CLIMATE
-98.04,54.52,221.0,CAE05060624,JENPEG
-94.7,56.36,145.3,CAE05060999,GILLAM
-94.65,53.86,235.3,CAE05061374,ISLAND LAKE A
-94.65,53.86,234.0,CAE05061378,ISLAND LAKE AIRPORT
-96.51,56.04,182.9,CAE05061422,KELSEY DAM CS
-101.08,56.86,356.6,CAE05061645,LYNN LAKE
-101.07,56.85,354.2,CAE05061649,LYNN LAKE RCS
-97.84,53.96,223.7,CAE05062040,NORWAY HOUSE
-98.51,58.71,281.3,CAE05062835,TADOULE LAKE
-98.5,58.72,262.0,CAE05062840,TADOULE LAKE CS
-97.88,55.8,214.0,CAE05062918,THOMPSON AIRPORT
-97.86,55.8,224.0,CAE05062921,THOMPSON A
-82.43,52.93,9.1,CAE06010400,ATTAWAPISKAT A
-89.9,53.82,222.5,CAE06010735,BIG TROUT LAKE A
-89.89,53.82,222.5,CAE06010740,BIG TROUT LAKE
-93.22,50.63,362.6,CAE06012199,EAR FALLS (AUT)
-87.68,56.02,15.8,CAE06012501,FORT SEVERN A
-87.93,52.2,254.2,CAE06014351,LANSDOWNE HOUSE A
-87.94,52.2,253.4,CAE06014353,LANSDOWNE HOUSE (AUT)
-91.76,53.44,277.7,CAE06015026,MUSKRAT DAM
-85.43,54.98,52.7,CAE06016295,PEAWANUCK (AUT)
-85.44,54.99,52.7,CAE06016298,PEAWANUCK A
-90.22,51.45,390.8,CAE06016525,PICKLE LAKE (AUT)
-90.21,51.45,386.2,CAE06016528,PICKLE LAKE A
-93.79,51.07,385.9,CAE06016971,RED LAKE A
-93.34,53.06,289.9,CAE06017401,SANDY LAKE A
-91.32,52.94,291.0,CAE06019400,WEAGAMOW LAKE
-91.63,48.76,389.3,CAE06020LPQ,ATIKOKAN (AUT)
-93.44,48.65,342.0,CAE06022474,FORT FRANCES RCS
-92.74,49.83,412.7,CAE06032125,DRYDEN REGIONAL
-94.38,49.79,412.7,CAE06034073,KENORA RCS
-94.36,49.79,409.7,CAE06034076,KENORA A
-93.73,49.66,435.0,CAE06036907,RAWSON LAKE (AUT)
-94.76,49.47,329.0,CAE06037201,ROYAL ISLAND (AUT)
-91.91,50.11,383.1,CAE06037776,SIOUX LOOKOUT A
-91.91,50.11,338.1,CAE06037800,SIOUX LOOKOUT AIRPORT
-88.91,50.29,322.5,CAE06040325,ARMSTRONG (AUT)
-88.91,50.29,322.5,CAE06040327,ARMSTRONG A
-88.34,49.15,232.6,CAE06041110,CAMERON FALLS (AUT)
-85.83,47.33,187.0,CAE06041222,CARIBOU ISLAND (AUT)
-86.99,49.78,348.4,CAE06042718,GERALDTON A
-86.93,49.78,340.0,CAE06042719,GERALDTON AIRPORT
-86.35,48.76,314.6,CAE06044967,MARATHON A
-86.29,48.61,191.5,CAE06046768,PUKASKWA (AUT)
-87.09,48.82,290.0,CAE06048232,TERRACE BAY AIRPORT
-89.32,48.37,199.3,CAE06048260,THUNDER BAY
-89.32,48.37,199.3,CAE06048262,THUNDER BAY A
-89.33,48.37,199.4,CAE06048268,THUNDER BAY CS
-90.47,49.03,488.5,CAE06049095,UPSALA (AUT)
-89.12,48.37,211.4,CAE06049443,WELCOME ISLAND (AUT)
-88.31,49.69,261.0,CAE06049470,LITTLE FLATLAND ISLAND (AUT)
-84.81,47.72,400.6,CAE06054425,LAKE SUPERIOR PROVINCIAL PARK
-84.51,46.49,192.0,CAE06057591,SAULT STE MARIE A
-84.52,46.48,187.0,CAE06057593,SAULT STE. MARIE AIRPORT
-84.79,47.97,287.7,CAE06059413,WAWA A
-83.35,47.82,448.1,CAE06061365,CHAPLEAU A
-83.36,47.82,447.0,CAE06061366,CHAPLEAU AIRPORT
-80.8,46.63,348.0,CAE06068145,SUDBURY CLIMATE
-80.8,46.63,348.4,CAE06068153,SUDBURY A
-79.85,47.7,243.8,CAE06072223,EARLTON A
-79.85,47.7,243.4,CAE06072230,EARLTON CLIMATE
-82.47,49.41,226.5,CAE06073976,KAPUSKASING A
-82.47,49.41,226.5,CAE06073978,KAPUSKASING A
-82.44,49.41,218.0,CAE06073980,KAPUSKASING CDA ON
-80.06,48.09,280.0,CAE06074207,KIRKLAND LAKE
-80.61,51.29,9.1,CAE06075420,MOOSONEE
-80.66,51.26,0.0,CAE06075429,MOOSONEE RCS
-84.16,49.75,264.0,CAE06075543,NAGAGAMI (AUT)
-85.9,51.66,181.0,CAE06075786,OGOKI POST A
-85.9,51.66,178.0,CAE06075788,OGOKI POST
-81.39,48.56,294.4,CAE06078282,TIMMINS CLIMATE
-81.38,48.57,294.7,CAE06078286,TIMMINS A
-78.27,45.53,397.0,CAE06080192,ALGONQUIN PARK EAST GATE
-79.42,46.36,370.3,CAE06085680,NORTH BAY A
-79.4,46.38,370.3,CAE06085695,NORTH BAY AIRPORT
-82.57,45.88,189.9,CAE06092919,GORE BAY-MANITOULIN
-82.57,45.88,188.6,CAE06092920,GORE BAY CLIMATE
-75.75,44.64,120.4,CAE06100970,BROCKVILLE CLIMATE
-75.85,44.42,82.0,CAE06103024,GRENADIER ISLAND
-75.63,45.0,99.4,CAE06104027,KEMPTVILLE CS
-76.6,44.22,93.0,CAE06104142,KINGSTON CLIMATE
-76.6,44.23,92.4,CAE06104152,KINGSTON A
-74.96,45.25,84.5,CAE06105397,MOOSE CREEK WELLS
-75.72,45.38,79.2,CAE06105978,OTTAWA CDA RCS
-75.67,45.32,114.9,CAE06106001,OTTAWA INTL A
-77.25,45.86,161.0,CAE06106367,PEMBROKE CLIMATE
-79.4,45.14,297.2,CAE06110607,BEATRICE CLIMATE
-79.22,44.55,220.7,CAE06114295,LAGOON CITY
-79.3,44.97,281.9,CAE06115529,MUSKOKA
-80.04,45.34,176.3,CAE06116257,PARRY SOUND CCG
-79.55,44.48,289.0,CAE06117700,BARRIE-ORO
-81.11,44.74,221.9,CAE06119498,WIARTON A
-81.11,44.74,221.9,CAE06119499,WIARTON A
-80.37,45.03,191.1,CAE06119M51,WESTERN ISLAND (AUT)
-79.78,44.23,251.0,CAE0611E001,EGBERT CS
-81.72,43.77,213.7,CAE06122847,GODERICH
-82.31,43.0,181.4,CAE06127510,SARNIA
-82.3,43.0,181.0,CAE06127519,SARNIA CLIMATE
-81.63,45.23,213.5,CAE06128330,TOBERMORY RCS
-82.08,42.31,196.6,CAE06131414,CHATHAM KENT
-82.02,42.27,183.0,CAE06131418,CEDAR SPRINGS
-80.55,42.87,231.7,CAE06131983,DELHI CS
-82.9,42.03,191.0,CAE06133362,HARROW CDA AUTO
-79.22,43.25,79.0,CAE06136699,PORT WELLER (AUT)
-81.88,42.45,205.7,CAE06137154,RIDGETOWN RCS
-79.17,43.19,97.8,CAE06137304,ST CATHARINES A
-79.4,43.18,79.2,CAE06139148,VINELAND STATION RCS
-79.33,42.97,178.0,CAE06139449,WELLAND-PELHAM
-82.96,42.28,189.6,CAE06139530,WINDSOR A
-82.52,41.95,176.8,CAE0613P001,POINT PELEE CS
-80.33,43.14,245.5,CAE06140942,BRANTFORD AIRPORT
-80.42,43.65,376.4,CAE06142286,ELORA RCS
-80.22,43.54,334.5,CAE06143092,GUELPH TURFGRASS INSTITUTE
-80.38,43.46,321.6,CAE06144239,KITCHENER/WATERLOO
-81.15,43.03,278.0,CAE06144473,LONDON A
-81.15,43.03,278.0,CAE06144478,LONDON CS
-80.75,43.98,414.5,CAE06145504,MOUNT FOREST (AUT)
-77.44,44.16,96.3,CAE06150690,BELLEVILLE QUINTE
-79.8,43.3,77.4,CAE06151061,BURLINGTON PIERS (AUT)
-78.17,43.95,77.7,CAE06151684,COBOURG (AUT)
-79.94,43.17,237.7,CAE06153193,HAMILTON A
-79.91,43.29,102.0,CAE06153301,HAMILTON RBG CS
-79.57,43.96,361.0,CAE06154150,KING CITY NORTH
-78.88,43.92,139.9,CAE06155875,OSHAWA
-77.15,43.83,78.6,CAE06156559,POINT PETRE (AUT)
-79.4,43.67,112.5,CAE06158355,TORONTO CITY
-79.4,43.63,76.8,CAE06158359,TORONTO CITY CENTRE
-79.63,43.68,173.4,CAE06158731,TORONTO INTL A
-77.53,44.12,86.3,CAE06158875,TRENTON A
-79.16,44.1,325.0,CAE06159123,UXBRIDGE WEST
-78.36,44.23,191.4,CAE06166415,PETERBOROUGH A
-78.28,44.35,225.0,CAE06166457,PETERBOROUGH TRENTU FARM
-77.88,45.07,330.7,CAE0616I001,BANCROFT AUTO
-71.2,46.84,10.0,CAE07010565,BEAUPORT
-74.17,45.32,49.4,CAE07011947,COTEAU DU LAC
-71.97,46.69,61.0,CAE07011983,DESCHAMBAULT
-73.43,45.81,21.0,CAE07014160,L'ASSOMPTION
-74.07,45.5,91.4,CAE07015730,OKA
-71.23,47.56,791.2,CAE07015791,L'ETAPE
-71.39,46.79,74.4,CAE07016293,QUEBEC INTL A
-71.83,46.98,213.4,CAE07016675,RIVIERE VERTE OUEST
-72.23,46.58,16.0,CAE07016840,STE ANNE DE LA PERADE
-73.35,46.35,167.6,CAE07016960,ST CHARLES DE MANDEVILLE
-71.92,46.82,152.1,CAE07017000,STE CHRISTINE
-72.73,46.56,110.0,CAE07018001,SHAWINIGAN
-72.68,46.35,60.7,CAE07018561,TROIS RIVIERES A
-72.52,46.35,6.0,CAE07018562,TROIS-RIVIERES
-72.68,46.37,62.2,CAE07018563,TROIS-RIVIERES
-72.92,46.18,16.2,CAE0701LP0N,LAC SAINT-PIERRE
-71.29,46.78,91.4,CAE0701Q004,STE-FOY (U. LAVAL)
-72.06,46.3,97.2,CAE0701Q009,LEMIEUX
-71.38,46.8,60.0,CAE0701S001,QUEBEC/JEAN LESAGE INTL
-73.0,45.8,30.5,CAE07022375,FLEURY
-72.85,45.03,224.0,CAE07022579,FRELIGHSBURG
-72.77,45.37,86.0,CAE07022802,GRANBY
-70.93,45.61,477.0,CAE07023681,NANTES
-73.43,45.38,30.0,CAE07024100,LAPRAIRIE
-71.82,45.37,181.0,CAE07024280,LENNOXVILLE
-73.58,45.5,72.8,CAE07024745,MCTAVISH
-73.74,45.47,36.0,CAE07025251,MONTREAL INTL A
-72.66,46.23,8.0,CAE07025442,NICOLET
-72.83,46.08,15.2,CAE07026043,PIERREVILLE
-73.5,45.7,9.0,CAE07026612,RIVIERE DES PRAIRIES
-74.35,45.13,53.3,CAE07026836,ST ANICET
-70.21,46.49,402.0,CAE07026930,SAINT-CAMILLE-DE-LELLIS
-73.68,45.17,53.0,CAE07027039,STE-CLOTILDE
-70.52,46.05,243.8,CAE07027083,ST COME DE LINIERE
-73.42,45.52,27.4,CAE07027329,MONTREAL/ST-HUBERT
-73.28,45.29,41.5,CAE07027394,ST JEAN
-72.54,45.83,76.8,CAE07027470,SAINT-GERMAIN-DE-GRANTHAM
-71.5,45.2,564.0,CAE07027520,ST MALO D AUCKLAND
-71.05,46.33,442.0,CAE07027733,ST SEVERIN
-71.69,45.44,241.4,CAE07028123,SHERBROOKE
-73.12,46.03,14.6,CAE07028200,SOREL
-71.27,46.05,430.0,CAE07028442,THETFORD MINES RCS
-73.37,45.77,21.0,CAE07028700,VERCHERES
-70.79,46.21,229.2,CAE07028754,BEAUCEVILLE
-72.17,45.27,208.7,CAE0702CFGG,LAC MEMPHREMAGOG
-73.93,45.43,39.0,CAE0702FHL8,STE-ANNE-DE-BELLEVUE 1
-74.29,45.12,49.1,CAE0702FQLF,ST-ANICET 1
-73.35,45.29,43.8,CAE0702LED4,L'ACADIE
-73.74,45.47,32.1,CAE0702S006,MONTREAL/PIERRE ELLIOTT TRUDEAU INTL
-75.78,45.52,112.5,CAE07031360,CHELSEA
-75.08,45.9,222.5,CAE07031375,CHENEVILLE
-75.56,45.52,64.3,CAE07032685,OTTAWA GATINEAU A
-74.33,45.65,91.4,CAE07033650,LACHUTE
-75.99,46.27,199.7,CAE07034482,MANIWAKI AIRPORT
-74.04,45.68,82.3,CAE07034900,MONTREAL MIRABEL INTL A
-74.98,45.8,183.0,CAE07035666,NOTRE DAME DE LA PAIX
-74.0,45.98,365.8,CAE07037310,ST HIPPOLYTE
-68.2,49.13,21.6,CAE07040442,BAIE-COMEAU A
-68.2,49.13,21.6,CAE07040444,BAIE-COMEAU
-57.19,51.44,37.2,CAE07040815,LOURDES DE BLANC SABLON A
-57.19,51.44,37.2,CAE07040816,LOURDES DE BLANC SABLON A
-60.06,50.16,7.0,CAE07041100,CAPE WHITTLE
-70.54,48.37,7.3,CAE07041166,CAP-ROUGE
-70.64,47.28,722.7,CAE07041312,CHARLEVOIX (MRC)
-59.64,50.47,7.7,CAE07041382,CHEVERY
-70.78,47.08,6.0,CAE07041JG6,CAP-TOURMENTE
-71.15,47.32,672.8,CAE07042395,FORET MONTMORENCY RCS
-69.52,48.26,61.0,CAE07042845,GRANDES-BERGERONNES
-63.61,50.28,37.8,CAE07043019,HAVRE ST. PIERRE
-64.21,50.22,9.0,CAE07043B79,ILE AUX PERROQUETS
-69.56,48.07,5.9,CAE07043BP9,ILE ROUGE
-64.23,50.27,11.0,CAE07044328,LONGUE-POINTE-DE-MINGAN
-74.56,46.08,234.5,CAE07045335,MONT-TREMBLANT
-61.79,50.19,11.9,CAE07045398,NATASHQUAN A
-61.81,50.19,11.7,CAE07045401,NATASHQUAN AIRPORT
-69.72,48.14,7.0,CAE07046059,POINTE DE L'ISLET
-70.11,48.26,4.0,CAE0704607C,POINTE CLAVEAU
-66.27,50.22,54.9,CAE07047911,SEPT-ILES A
-66.25,50.22,52.6,CAE07047914,SEPT-ILES
-63.28,51.87,588.9,CAE0704C64L,LAC EON
-67.38,49.32,5.9,CAE0704F0PN,POINTE-DES-MONTS
-66.43,50.16,24.0,CAE0704Q003,POINTE NOIRE CS
-68.15,49.26,129.5,CAE0704S001,BAIE-COMEAU
-64.32,48.42,15.4,CAE07051050,CAP-D'ESPOIR
-65.32,49.25,29.0,CAE07051163,CAP-MADELEINE
-67.25,48.31,123.0,CAE07051201,CAUSAPSCAL AIRPORT
-64.48,48.78,34.1,CAE07052601,GASPE A
-64.48,48.78,34.1,CAE07052602,GASPE A
-64.48,48.78,36.0,CAE07052603,GASPE AIRPORT
-61.78,47.43,10.7,CAE07053254,ILES DE LA MADELEINE A
-67.57,48.28,235.9,CAE07053649,LAC HUMQUI
-61.77,47.43,7.6,CAE07053KGR,ILES DE LA MADELEINE
-70.03,47.36,31.0,CAE07054096,LA POCATIERE
-68.21,48.61,52.4,CAE07055121,MONT JOLI A
-68.19,48.6,55.0,CAE07055122,MONT-JOLI
-65.33,48.01,46.4,CAE07055422,NEW CARLISLE 1
-65.84,48.16,2.0,CAE07055440,NEW RICHMOND EAST
-68.47,48.51,4.9,CAE07056068,POINTE-AU-PERE (INRS)
-64.29,49.84,55.2,CAE07056202,PORT-MENIER
-69.55,47.81,146.5,CAE07056616,RIVIERE-DU-LOUP
-70.22,46.48,396.0,CAE07056930,ST CAMILLE
-70.02,46.73,373.0,CAE07057515,STE LUCIE
-70.88,46.87,69.0,CAE07057567,SAINT MICHEL
-68.89,48.42,7.0,CAE0705LKPQ,ILE BICQUETTE
-66.65,49.11,5.0,CAE0705S002,CAP-CHAT
-71.0,48.33,150.0,CAE07060390,BAGOTVILLE AIRPORT
-71.0,48.33,159.1,CAE07060400,BAGOTVILLE A
-71.01,50.73,498.0,CAE07060826,BONNARD 1
-73.36,49.28,303.8,CAE07061288,CHAMOUCHOUANE
-71.14,48.43,135.6,CAE07063370,JONQUIERE
-71.13,48.31,162.7,CAE07064181,LATERRIERE
-71.72,48.6,112.5,CAE07065012,MISTOOK
-72.55,48.84,137.2,CAE07065639,NORMANDIN
-71.03,48.89,304.0,CAE07065738,ONATCHIWAY
-72.27,48.52,178.6,CAE07066686,ROBERVAL A
-72.27,48.52,178.6,CAE07066687,ROBERVAL A
-71.33,48.57,121.9,CAE07066820,ST AMBROISE
-71.05,48.52,165.8,CAE0706G3J7,CHICOUTIMI ST-HONORE A
-71.11,51.53,549.0,CAE0706I001,LAC BENOIT
-70.53,50.66,497.0,CAE0706I155,MANOUANE EST
-70.92,48.3,151.6,CAE0706Q001,LA BAIE
-74.62,47.92,444.7,CAE07075800,PARENT
-73.92,46.68,350.5,CAE07077570,ST MICHEL DES SAINTS
-74.09,46.82,429.9,CAE07077571,SAINT-MICHEL-DES-SAINTS
-72.79,47.41,168.9,CAE0707DBD4,LA TUQUE
-79.1,46.71,181.4,CAE07080468,BARRAGE TEMISCAMINGUE
-79.03,48.25,318.0,CAE07086716,ROUYN
-78.84,48.21,301.1,CAE07086719,ROUYN-NORANDA A
-74.98,49.82,381.1,CAE07091299,CHAPAIS
-74.53,49.77,387.1,CAE07091409,CHIBOUGAMAU CHAPAIS A
-74.53,49.78,381.0,CAE07091410,CHIBOUGAMAU-CHAPAIS
-78.52,52.23,7.3,CAE07092310,EASTMAIN RIVER A
-73.68,53.75,306.3,CAE07093714,LA GRANDE 4 A
-77.7,53.63,194.8,CAE07093716,LA GRANDE RIVIERE A
-73.68,53.76,302.8,CAE07093GJ5,LA GRANDE IV
-77.8,49.76,279.8,CAE07094636,MATAGAMI A
-77.79,49.76,281.0,CAE07094637,MATAGAMI
-77.79,48.06,338.9,CAE07098603,VAL-D'OR
-77.78,48.05,337.4,CAE07098605,VAL D'OR A
-78.76,51.47,24.1,CAE07098898,WASKAGANISH A
-78.83,53.01,20.1,CAE07098908,WEMINDJI A
-78.15,60.82,23.2,CAE07100072,AKULIVIK A
-78.08,58.47,25.3,CAE07103280,INUKJUAK A
-77.93,62.42,38.7,CAE07103329,IVUJIVIK A
-77.77,55.28,12.2,CAE07103537,KUUJJUARAPIK A
-77.57,55.37,30.0,CAE07103539,KUUJJUARAPIK
-77.29,60.05,25.3,CAE07106223,PUVIRNITUQ A
-76.52,56.54,76.5,CAE07108564,UMIUJAQ A
-78.08,58.47,26.2,CAE0710S005,INUKJUAK
-69.6,59.3,36.9,CAE07110601,AUPALUK A
-71.93,61.59,157.6,CAE07113380,KANGIQSUJUAQ A
-70.0,60.03,123.8,CAE07113384,KANGIRSUK A
-65.99,58.71,66.1,CAE07113391,KANGIQSUALUJJUAQ A
-68.42,58.09,39.9,CAE07113535,KUUJJUAQ A
-73.67,61.31,503.4,CAE07115800,PARC NATIONAL DES PINGUALUIT
-69.62,61.05,32.3,CAE07116273,QUAQTAQ A
-72.98,57.91,171.4,CAE07116505,RIVIERE AUX FEUILLES
-75.67,62.18,228.0,CAE07117800,SALLUIT
-75.67,62.18,227.1,CAE07117802,SALLUIT A
-66.81,54.81,520.9,CAE07117823,SCHEFFERVILLE A
-66.8,54.8,517.2,CAE07117824,SCHEFFERVILLE COTE-NORD
-69.96,58.67,36.9,CAE07118366,TASIUJAQ A
-64.83,47.8,5.0,CAE08100467,BAS CARAQUET
-65.74,47.63,58.8,CAE08100506,BATHURST A
-66.33,47.99,42.0,CAE08100885,CHARLO AUTO
-65.47,47.01,33.0,CAE08100989,MIRAMICHI RCS
-66.01,46.59,43.0,CAE08101201,DOAKTOWN AUTO RCS
-68.32,47.42,154.2,CAE08101303,EDMUNDSTON
-66.54,45.87,20.7,CAE08101505,FREDERICTON INTL A
-66.61,45.92,35.1,CAE08101605,FREDERICTON CDA CS
-64.95,45.6,42.7,CAE08101746,FUNDY PARK (ALMA) CS
-66.8,44.71,78.2,CAE08101925,GRAND MANAN SAR CS
-65.01,46.79,21.0,CAE08102326,KOUCHIBOUGUAC
-65.17,45.69,403.0,CAE08102848,MECHANIC SETTLEMENT
-64.49,48.01,4.0,CAE08103050,MISCOU ISLAND (AUT)
-64.68,46.11,70.7,CAE08103201,MONCTON/GREATER MONCTON ROMEO LEBLANC INTL A
-64.68,46.11,70.7,CAE08103202,MONCTON / GREATER MONCTON ROMEO LEBLANC INTL A
-66.46,45.06,12.8,CAE08104201,POINT LEPREAU CS
-65.6,47.44,124.0,CAE08104295,RED PINES
-65.89,45.32,108.8,CAE08104901,SAINT JOHN A
-65.81,45.29,94.3,CAE08104905,GARNETT SETTLEMENT
-67.25,45.21,26.1,CAE08104935,ST. STEPHEN
-65.53,45.74,47.0,CAE08105210,SUSSEX FOUR CORNERS
-67.54,46.15,154.0,CAE08105603,WOODSTOCK NEWBRIDGE
-65.47,43.45,4.6,CAE08200255,BACCARO PT
-62.33,44.82,16.0,CAE08200558,BEAVER ISLAND (AUT)
-63.63,44.71,3.5,CAE08200573,BEDFORD BASIN
-63.66,44.75,9.6,CAE08200574,BEDFORD RANGE
-66.35,44.29,15.8,CAE08200604,BRIER ISLAND
-62.68,45.77,2.4,CAE08200774,CARIBOU POINT (AUT)
-60.95,46.65,8.0,CAE08200828,CHETICAMP HIGHLANDS NATIONAL PARK
-62.01,45.49,69.0,CAE08201001,COLLEGEVILLE AUTO
-63.47,45.42,37.5,CAE08201390,DEBERT
-60.65,45.92,28.0,CAE08201780,ESKASONI FIRST NATION AUTOMATIC WEATHER STATION
-61.04,46.55,32.7,CAE08201969,GRAND ETANG
-64.92,44.98,28.0,CAE08202000,GREENWOOD A
-63.58,44.66,3.8,CAE08202240,HALIFAX DOCKYARD
-63.51,44.88,145.4,CAE08202249,HALIFAX STANFIELD INT'L A
-63.51,44.88,145.4,CAE08202251,HALIFAX STANFIELD INT'L A
-63.55,44.59,52.0,CAE08202252,HALIFAX KOOTENAY
-63.61,44.66,51.0,CAE08202255,HALIFAX WINDSOR PARK
-60.98,45.35,8.2,CAE08202318,HART ISLAND (AUT)
-60.41,46.66,10.0,CAE08202502,INGONISH BEACH RCS
-65.2,44.4,125.0,CAE08202592,KEJIMKUJIK 1
-64.48,45.07,48.7,CAE08202810,KENTVILLE CDA CS
-60.0,45.9,15.0,CAE08203163,LOUISBOURG
-64.3,44.36,3.8,CAE08203210,LUNENBURG
-62.48,44.98,39.6,CAE08203405,MALAY FALLS
-63.53,44.6,15.4,CAE08203478,MCNABS ISLAND (AUT)
-64.24,45.76,19.8,CAE08203702,NAPPAN AUTO
-64.51,44.83,237.0,CAE08204020,AALDERSVILLE
-60.98,46.37,54.0,CAE08204154,NORTHEAST MARGAREE (AUT)
-60.67,46.82,439.4,CAE08204161,NORTH MOUNTAIN CS
-63.42,44.61,30.0,CAE08204190,OSBORNE HEAD DND
-63.06,45.23,23.5,CAE08204193,UPPER STEWIACKE RCS
-64.35,45.41,30.9,CAE08204402,PARRSBORO
-61.37,45.66,114.9,CAE08204495,PORT HAWKESBURY
-59.96,43.93,1.2,CAE08204703,SABLE ISLAND A
-60.01,43.93,1.2,CAE08204708,SABLE ISLAND
-60.14,47.23,27.0,CAE08204909,ST PAUL ISLAND (AUT)
-63.51,44.64,45.3,CAE08205092,SHEARWATER RCS
-63.52,44.63,5.5,CAE08205093,SHEARWATER JETTY
-65.31,43.75,32.0,CAE08205130,SHELBURNE SANDY POINT
-60.05,46.16,61.9,CAE08205701,SYDNEY A
-60.04,46.16,62.5,CAE08205702,SYDNEY CS
-60.05,46.16,61.9,CAE08205703,SYDNEY A
-61.68,45.61,66.7,CAE08205895,TRACADIE
-64.66,43.99,10.1,CAE08206240,WESTERN HEAD
-66.09,43.83,36.0,CAE08206491,YARMOUTH RCS
-66.09,43.83,42.9,CAE08206495,YARMOUTH A
-66.09,43.83,42.9,CAE08206496,YARMOUTH A
-63.12,46.29,50.9,CAE08300301,CHARLOTTETOWN A
-61.99,46.46,7.7,CAE08300418,EAST POINT (AUT)
-64.0,47.06,7.6,CAE08300516,NORTH CAPE
-62.58,46.45,29.7,CAE08300562,ST. PETERS
-63.08,46.42,3.0,CAE08300590,STANHOPE
-63.84,46.44,12.2,CAE08300596,SUMMERSIDE
-63.58,46.3,45.7,CAE08305500,MAPLE PLAINS
-63.17,46.34,53.0,CAE0830P001,HARRINGTON CDA CS
-54.0,47.31,9.5,CAE08400104,ARGENTIA (AUT)
-56.07,48.97,102.7,CAE08400301,BADGER (AUT)
-55.86,47.86,185.2,CAE08400416,ST ALBAN'S
-57.92,49.62,122.0,CAE08400506,BERRY HILL
-53.11,48.67,25.6,CAE08400601,BONAVISTA
-57.62,47.62,10.6,CAE08400801,BURGEO NL
-53.08,46.66,26.5,CAE08401000,CAPE RACE (AUT)
-57.39,49.32,165.8,CAE08401295,CORMACK RCS
-57.92,48.93,151.8,CAE08401298,CORNER BROOK
-57.58,50.24,19.0,CAE08401405,DANIEL'S HARBOUR
-57.39,49.21,21.9,CAE08401502,DEER LAKE A
-56.11,50.72,30.3,CAE08401538,ENGLEE (AUT)
-57.1,51.02,9.1,CAE08401565,FEROLLE POINT (AUT)
-54.57,48.94,151.2,CAE08401703,GANDER INTL A
-54.57,48.95,151.0,CAE08401705,GANDER AIRPORT CS
-55.67,49.92,194.0,CAE08402520,LA SCIE
-56.54,48.82,203.6,CAE08402757,MILLERTOWN RCS
-59.15,47.57,39.7,CAE08402980,PORT AUX BASQUES
-55.79,47.37,59.7,CAE08403255,SAGONA ISLAND
-56.07,51.39,32.9,CAE08403389,ST. ANTHONY A
-56.1,51.38,29.3,CAE08403399,ST ANTHONY
-52.75,47.62,140.5,CAE08403505,ST. JOHN'S INTL A
-52.78,47.51,110.0,CAE08403603,ST JOHNS WEST CLIMATE
-55.38,46.92,48.5,CAE08403619,ST LAWRENCE
-58.57,48.56,58.0,CAE08403820,STEPHENVILLE RCS
-53.97,48.56,106.7,CAE08403851,TERRA NOVA NAT PARK CS
-54.8,49.68,92.3,CAE08404025,TWILLINGATE (AUT)
-55.33,47.14,29.3,CAE08404242,WINTERLAND BRANCH HILL
-59.31,47.71,31.7,CAE08404343,WRECKHOUSE
-52.94,48.17,46.2,CAE0840B053,GRATES COVE
-53.58,49.11,19.3,CAE0840BR7C,POOLS ISLAND
-54.59,47.33,21.8,CAE0840KN90,MARTICOT ISLAND
-57.04,53.68,14.3,CAE08501106,CARTWRIGHT A
-64.11,53.56,439.5,CAE08501131,CHURCHILL FALLS A
-64.09,53.56,439.5,CAE08501136,CHURCHILL FALLS
-60.42,53.32,48.8,CAE08501900,GOOSE BAY A
-60.56,53.41,38.0,CAE08501915,HAPPY VALLEY GOOSE BAY
-60.22,55.45,11.9,CAE08502400,HOPEDALE (AUT)
-59.19,55.08,70.4,CAE08502580,MAKKOVIK A
-55.85,52.3,10.6,CAE08502592,MARY'S HARBOUR A
-61.68,56.55,7.6,CAE08502799,NAIN
-61.68,56.55,6.4,CAE08502810,NAIN A
-66.86,52.92,551.4,CAE08504177,WABUSH A
